Description,Quantity
regency cakestand 3 tier,181
jam making set with jars,87
set of 3 cake tins pantry design,74
samples,61
strawberry ceramic trinket box,55
roses regency teacup and saucer,54
recipe box pantry yellow design,47
wood 2 drawer cabinet white finish,45
lunch bag red retrospot,44
jumbo bag red retrospot,44
red retrospot cake stand,42
green regency teacup and saucer,42
white hanging heart t-light holder,42
small glass heart trinket pot,40
set of 3 regency cake tins,37
popcorn holder,36
pink regency teacup and saucer,35
set of tea coffee sugar tins pantry,35
silver hanging t-light holder,35
set/5 red retrospot lid glass bowls,34
